Object ID,Storm Identifier,Ocean Basin,Sub - Region,Storm Name,Available Storm Type,Calendar Year,Observation Date,Geograpic Latitude,Geographic Longitude,Maximum Sustained Wind (knots),Minimum Sea Level Pressure (millibars)
500700,1993169N21268,,GM,Arlene,TS,1993,6/20/1993 4:00:00 AM,25.9,-95.9,35,1000
500701,1993169N21268,,GM,Arlene,TS,1993,6/20/1993 4:00:00 AM,26.1,-96.2,35,1000
500702,1993169N21268,,GM,Arlene,TS,1993,6/20/1993 4:00:00 AM,26.0,-96.3,35,1000
500703,1993169N21268,,GM,Arlene,TS,1993,6/20/1993 4:00:00 AM,26.1,-96.5,35,1000
500704,1993169N21268,,GM,Arlene,TS,1993,6/21/1993 4:00:00 AM,26.3,-96.7,35,1000
500705,1993169N21268,,GM,Arlene,TS,1993,6/21/1993 4:00:00 AM,26.7,-97.0,35,1001
500706,1993169N21268,,GM,Arlene,TS,1993,6/21/1993 4:00:00 AM,27.0,-97.2,35,1001
500707,1993169N21268,,GM,Arlene,TS,1993,6/21/1993 4:00:00 AM,27.1,-97.4,35,1001
500708,1993169N21268,,,Arlene,TS,1993,6/21/1993 4:00:00 AM,27.2,-97.8,30,1002
500709,1993169N21268,,,Arlene,TS,1993,6/21/1993 4:00:00 AM,27.2,-97.9,30,1003
500710,1993169N21268,,,Arlene,TS,1993,6/21/1993 4:00:00 AM,27.2,-97.89,30,1003
500711,1993169N21268,,,Arlene,TS,1993,6/21/1993 4:00:00 AM,27.2,-98.0,30,1004
500712,1993169N21268,,,Arlene,TS,1993,6/22/1993 4:00:00 AM,27.1,-98.1,30,1004
500713,1993169N21268,,,Arlene,TS,1993,6/22/1993 4:00:00 AM,27.1,-98.2,28,1005
502949,1993252N11265,EP,MM,Lidia,TS,1993,9/14/1993 4:00:00 AM,25.9,-106.3,45,998
502950,1993252N11265,EP,MM,Lidia,TS,1993,9/14/1993 4:00:00 AM,27.0,-105.4,40,1000
502951,1993252N11265,EP,MM,Lidia,TS,1993,9/14/1993 4:00:00 AM,27.9,-104.2,35,1001
502952,1993252N11265,EP,MM,Lidia,TS,1993,9/14/1993 4:00:00 AM,28.8,-102.6,33,1002
502953,1993252N11265,EP,MM,Lidia,TS,1993,9/15/1993 4:00:00 AM,29.5,-101.0,30,1003
502954,1993252N11265,EP,MM,Lidia,TS,1993,9/15/1993 4:00:00 AM,30.0,-99.7,28,1005
511714,1994282N17247,EP,MM,Rosa,TS,1994,10/15/1994 4:00:00 AM,26.6,-102.7,35,1005
515471,1995210N26273,,GM,Dean,TS,1995,7/31/1995 4:00:00 AM,28.4,-93.5,33,1004
515472,1995210N26273,,GM,Dean,TS,1995,7/31/1995 4:00:00 AM,28.6,-94.0,35,1003
515473,1995210N26273,,GM,Dean,TS,1995,7/31/1995 4:00:00 AM,28.8,-94.5,38,1001
515474,1995210N26273,,GM,Dean,TS,1995,8/1/1995 4:00:00 AM,29.0,-95.0,40,999
515475,1995210N26273,,,Dean,TS,1995,8/1/1995 4:00:00 AM,29.2,-95.3,40,999
515476,1995210N26273,,,Dean,TS,1995,8/1/1995 4:00:00 AM,29.3,-95.4,38,1000
515477,1995210N26273,,,Dean,TS,1995,8/1/1995 4:00:00 AM,29.5,-95.5,30,1002
515478,1995210N26273,,,Dean,TS,1995,8/1/1995 4:00:00 AM,29.7,-95.7,28,1003
515479,1995210N26273,,,Dean,TS,1995,8/1/1995 4:00:00 AM,30.0,-96.0,25,1003
515480,1995210N26273,,,Dean,TS,1995,8/1/1995 4:00:00 AM,30.2,-96.3,23,1003
515481,1995210N26273,,,Dean,TS,1995,8/1/1995 4:00:00 AM,30.5,-96.5,20,1003
515482,1995210N26273,,,Dean,TS,1995,8/1/1995 4:00:00 AM,31.0,-96.7,20,1004
515483,1995210N26273,,,Dean,TS,1995,8/2/1995 4:00:00 AM,31.5,-97.0,20,1004
515484,1995210N26273,,,Dean,TS,1995,8/2/1995 4:00:00 AM,31.7,-97.2,20,1004
515485,1995210N26273,,,Dean,TS,1995,8/2/1995 4:00:00 AM,32.0,-97.5,20,1004
515486,1995210N26273,,,Dean,TS,1995,8/2/1995 4:00:00 AM,32.5,-98.0,20,1004
515487,1995210N26273,,,Dean,TS,1995,8/2/1995 4:00:00 AM,33.0,-98.5,20,1004
515488,1995210N26273,,,Dean,TS,1995,8/2/1995 4:00:00 AM,33.1,-98.6,20,1004
515489,1995210N26273,,,Dean,TS,1995,8/2/1995 4:00:00 AM,33.0,-98.5,20,1004
515490,1995210N26273,,,Dean,TS,1995,8/2/1995 4:00:00 AM,33.0,-98.49,20,1004
515491,1995210N26273,,,Dean,TS,1995,8/3/1995 4:00:00 AM,33.0,-98.5,20,1004
515492,1995210N26273,,,Dean,TS,1995,8/3/1995 4:00:00 AM,33.0,-98.49,20,1004
515493,1995210N26273,,,Dean,TS,1995,8/3/1995 4:00:00 AM,33.0,-98.5,20,1004
515494,1995210N26273,,,Dean,TS,1995,8/3/1995 4:00:00 AM,33.0,-98.49,20,1004
515495,1995210N26273,,,Dean,TS,1995,8/3/1995 4:00:00 AM,33.0,-98.5,20,1004
515496,1995210N26273,,,Dean,TS,1995,8/3/1995 4:00:00 AM,33.0,-98.49,20,1004
540907,1998233N25268,,GM,Charley,TS,1998,8/22/1998 4:00:00 AM,26.0,-94.5,40,1008
540908,1998233N25268,,GM,Charley,TS,1998,8/22/1998 4:00:00 AM,26.4,-94.9,43,1007
540909,1998233N25268,,GM,Charley,TS,1998,8/23/1998 4:00:00 AM,26.8,-95.4,45,1006
540910,1998233N25268,,GM,Charley,TS,1998,8/23/1998 4:00:00 AM,27.2,-96.0,53,1004
540911,1998233N25268,,GM,Charley,TS,1998,8/23/1998 4:00:00 AM,27.5,-96.5,60,1002
540912,1998233N25268,,GM,Charley,TS,1998,8/23/1998 4:00:00 AM,27.7,-97.0,45,1001
540913,1998233N25268,,GM,Charley,TS,1998,8/23/1998 4:00:00 AM,27.8,-97.1,40,1000
540914,1998233N25268,,GM,Charley,TS,1998,8/23/1998 4:00:00 AM,27.9,-97.4,35,1001
540915,1998233N25268,,,Charley,TS,1998,8/23/1998 4:00:00 AM,28.1,-97.8,33,1002
540916,1998233N25268,,,Charley,TS,1998,8/23/1998 4:00:00 AM,28.3,-98.1,30,1003
540917,1998233N25268,,,Charley,TS,1998,8/23/1998 4:00:00 AM,28.4,-98.4,28,1004
540918,1998233N25268,,,Charley,TS,1998,8/24/1998 4:00:00 AM,28.5,-98.7,25,1005
540919,1998233N25268,,,Charley,TS,1998,8/24/1998 4:00:00 AM,28.6,-99.0,23,1006
540920,1998233N25268,,,Charley,TS,1998,8/24/1998 4:00:00 AM,28.7,-99.3,20,1006
540921,1998233N25268,,,Charley,TS,1998,8/24/1998 4:00:00 AM,28.7,-99.6,20,1007
540922,1998233N25268,,,Charley,TS,1998,8/24/1998 4:00:00 AM,28.8,-99.9,20,1007
540923,1998233N25268,,,Charley,TS,1998,8/24/1998 4:00:00 AM,28.9,-100.2,20,1008
540924,1998233N25268,,,Charley,TS,1998,8/24/1998 4:00:00 AM,29.1,-100.6,20,1008
540925,1998233N25268,,,Charley,TS,1998,8/24/1998 4:00:00 AM,29.3,-100.9,20,1008
541423,1998252N26266,,GM,Frances,TS,1998,9/11/1998 4:00:00 AM,26.0,-95.2,45,996
541424,1998252N26266,,GM,Frances,TS,1998,9/11/1998 4:00:00 AM,26.6,-95.2,45,996
541425,1998252N26266,,GM,Frances,TS,1998,9/11/1998 4:00:00 AM,26.9,-95.5,50,995
541426,1998252N26266,,GM,Frances,TS,1998,9/12/1998 4:00:00 AM,27.2,-95.9,55,994
541427,1998252N26266,,GM,Frances,TS,1998,9/12/1998 4:00:00 AM,27.7,-96.4,50,992
541428,1998252N26266,,,Frances,TS,1998,9/12/1998 4:00:00 AM,28.2,-96.9,45,990
541429,1998252N26266,,,Frances,TS,1998,9/12/1998 4:00:00 AM,28.4,-97.4,43,991
541430,1998252N26266,,,Frances,TS,1998,9/12/1998 4:00:00 AM,28.4,-97.6,40,992
541431,1998252N26266,,,Frances,TS,1998,9/12/1998 4:00:00 AM,28.4,-97.4,38,993
541432,1998252N26266,,,Frances,TS,1998,9/12/1998 4:00:00 AM,28.5,-97.0,35,994
541433,1998252N26266,,,Frances,TS,1998,9/12/1998 4:00:00 AM,28.8,-96.9,33,995
541434,1998252N26266,,,Frances,TS,1998,9/13/1998 4:00:00 AM,29.3,-96.9,30,996
541435,1998252N26266,,,Frances,TS,1998,9/13/1998 4:00:00 AM,29.8,-96.8,30,997
541436,1998252N26266,,,Frances,TS,1998,9/13/1998 4:00:00 AM,30.2,-96.8,30,998
541437,1998252N26266,,,Frances,TS,1998,9/13/1998 4:00:00 AM,30.6,-96.8,30,999
541438,1998252N26266,,,Frances,TS,1998,9/13/1998 4:00:00 AM,31.0,-96.8,30,1000
541439,1998252N26266,,,Frances,TS,1998,9/13/1998 4:00:00 AM,31.2,-96.8,30,1001
541440,1998252N26266,,,Frances,TS,1998,9/13/1998 4:00:00 AM,31.3,-96.8,30,1001
541441,1998252N26266,,,Frances,TS,1998,9/13/1998 4:00:00 AM,31.4,-96.8,28,1002
541442,1998252N26266,,,Frances,TS,1998,9/14/1998 4:00:00 AM,31.5,-96.8,25,1002
541443,1998252N26266,,,Frances,TS,1998,9/14/1998 4:00:00 AM,31.6,-96.8,23,1002
541444,1998252N26266,,,Frances,TS,1998,9/14/1998 4:00:00 AM,31.7,-96.9,20,1002
541445,1998252N26266,,,Frances,TS,1998,9/14/1998 4:00:00 AM,31.8,-96.9,20,1003
541446,1998252N26266,,,Frances,TS,1998,9/14/1998 4:00:00 AM,32.0,-96.9,20,1003
541447,1998252N26266,,,Frances,TS,1998,9/14/1998 4:00:00 AM,32.4,-96.9,20,1003
547927,1999231N20266,,GM,Bret,TS,1999,8/23/1999 4:00:00 AM,25.9,-95.8,125,947
547928,1999231N20266,,GM,Bret,TS,1999,8/23/1999 4:00:00 AM,26.2,-96.1,125,944
547929,1999231N20266,,GM,Bret,TS,1999,8/23/1999 4:00:00 AM,26.4,-96.5,123,945
547930,1999231N20266,,GM,Bret,TS,1999,8/23/1999 4:00:00 AM,26.6,-96.8,120,946
547931,1999231N20266,,GM,Bret,TS,1999,8/23/1999 4:00:00 AM,26.8,-97.1,110,949
547932,1999231N20266,,GM,Bret,TS,1999,8/24/1999 4:00:00 AM,26.9,-97.4,100,951
547933,1999231N20266,,,Bret,TS,1999,8/24/1999 4:00:00 AM,26.9,-97.7,90,957
547934,1999231N20266,,,Bret,TS,1999,8/24/1999 4:00:00 AM,27.0,-97.9,80,963
547935,1999231N20266,,,Bret,TS,1999,8/24/1999 4:00:00 AM,27.1,-98.1,70,972
547936,1999231N20266,,,Bret,TS,1999,8/24/1999 4:00:00 AM,27.3,-98.3,60,980
547937,1999231N20266,,,Bret,TS,1999,8/24/1999 4:00:00 AM,27.4,-98.5,48,987
547938,1999231N20266,,,Bret,TS,1999,8/24/1999 4:00:00 AM,27.6,-98.8,35,993
547939,1999231N20266,,,Bret,TS,1999,8/24/1999 4:00:00 AM,27.8,-99.1,33,997
547940,1999231N20266,,,Bret,TS,1999,8/25/1999 4:00:00 AM,28.0,-99.5,30,1000
547941,1999231N20266,,,Bret,TS,1999,8/25/1999 4:00:00 AM,28.0,-99.9,30,1002
547942,1999231N20266,,,Bret,TS,1999,8/25/1999 4:00:00 AM,28.0,-100.4,30,1003
547943,1999231N20266,,,Bret,TS,1999,8/25/1999 4:00:00 AM,27.9,-100.9,28,1005
547944,1999231N20266,,,Bret,TS,1999,8/25/1999 4:00:00 AM,27.8,-101.3,25,1006
547945,1999231N20266,,,Bret,TS,1999,8/25/1999 4:00:00 AM,27.7,-101.7,25,1007
547946,1999231N20266,,,Bret,TS,1999,8/25/1999 4:00:00 AM,27.7,-102.1,25,1007
547947,1999231N20266,,,Bret,TS,1999,8/25/1999 4:00:00 AM,27.7,-102.5,23,1008
554828,2000253N28267,,GM,Unnamed,TS,2000,9/9/2000 4:00:00 AM,27.5,-93.5,25,1009
554829,2000253N28267,,GM,Unnamed,TS,2000,9/9/2000 4:00:00 AM,28.0,-93.5,30,1008
554830,2000253N28267,,GM,Unnamed,TS,2000,9/10/2000 4:00:00 AM,28.5,-93.5,30,1009
554831,2000253N28267,,GM,Unnamed,TS,2000,9/10/2000 4:00:00 AM,28.9,-93.6,28,1009
554832,2000253N28267,,GM,Unnamed,TS,2000,9/10/2000 4:00:00 AM,29.3,-93.8,25,1009
554833,2000253N28267,,,Unnamed,TS,2000,9/10/2000 4:00:00 AM,29.8,-93.9,25,1009
554834,2000253N28267,,GM,Unnamed,TS,2000,9/10/2000 4:00:00 AM,29.9,-93.9,25,1009
558394,2001157N28265,,GM,Allison,TS,2001,6/6/2001 4:00:00 AM,27.5,-95.0,40,1007
558395,2001157N28265,,GM,Allison,TS,2001,6/6/2001 4:00:00 AM,28.0,-95.2,45,1005
558396,2001157N28265,,GM,Allison,TS,2001,6/6/2001 4:00:00 AM,28.5,-95.3,50,1002
558397,2001157N28265,,GM,Allison,TS,2001,6/6/2001 4:00:00 AM,28.9,-95.3,45,1003
558398,2001157N28265,,,Allison,TS,2001,6/7/2001 4:00:00 AM,29.3,-95.3,45,1003
558399,2001157N28265,,,Allison,TS,2001,6/7/2001 4:00:00 AM,29.7,-95.3,38,1005
558400,2001157N28265,,,Allison,TS,2001,6/7/2001 4:00:00 AM,30.1,-95.2,30,1006
558401,2001157N28265,,,Allison,TS,2001,6/7/2001 4:00:00 AM,30.6,-95.2,25,1006
558402,2001157N28265,,,Allison,TS,2001,6/7/2001 4:00:00 AM,31.0,-95.2,20,1005
558403,2001157N28265,,,Allison,TS,2001,6/7/2001 4:00:00 AM,31.3,-95.1,20,1005
558404,2001157N28265,,,Allison,TS,2001,6/7/2001 4:00:00 AM,31.5,-95.0,20,1005
558405,2001157N28265,,,Allison,TS,2001,6/7/2001 4:00:00 AM,31.6,-95.0,20,1005
558406,2001157N28265,,,Allison,TS,2001,6/8/2001 4:00:00 AM,31.6,-94.99,20,1005
558407,2001157N28265,,,Allison,TS,2001,6/8/2001 4:00:00 AM,31.7,-95.0,20,1006
558408,2001157N28265,,,Allison,TS,2001,6/8/2001 4:00:00 AM,31.8,-94.9,20,1006
558409,2001157N28265,,,Allison,TS,2001,6/8/2001 4:00:00 AM,31.6,-94.9,20,1006
558410,2001157N28265,,,Allison,TS,2001,6/8/2001 4:00:00 AM,31.4,-94.9,20,1006
558411,2001157N28265,,,Allison,TS,2001,6/8/2001 4:00:00 AM,31.2,-94.9,18,1007
558412,2001157N28265,,,Allison,TS,2001,6/8/2001 4:00:00 AM,31.1,-95.0,15,1007
558413,2001157N28265,,,Allison,TS,2001,6/8/2001 4:00:00 AM,31.0,-95.3,15,1005
558414,2001157N28265,,,Allison,TS,2001,6/9/2001 4:00:00 AM,30.9,-95.6,15,1002
558415,2001157N28265,,,Allison,TS,2001,6/9/2001 4:00:00 AM,30.8,-95.9,18,1003
558416,2001157N28265,,,Allison,TS,2001,6/9/2001 4:00:00 AM,30.7,-96.1,20,1004
558417,2001157N28265,,,Allison,TS,2001,6/9/2001 4:00:00 AM,30.5,-96.2,20,1006
558418,2001157N28265,,,Allison,TS,2001,6/9/2001 4:00:00 AM,30.4,-96.2,20,1007
558419,2001157N28265,,,Allison,TS,2001,6/9/2001 4:00:00 AM,30.3,-96.2,20,1007
558420,2001157N28265,,,Allison,TS,2001,6/9/2001 4:00:00 AM,30.2,-96.1,20,1007
558421,2001157N28265,,,Allison,TS,2001,6/9/2001 4:00:00 AM,30.1,-96.0,20,1007
558422,2001157N28265,,,Allison,TS,2001,6/10/2001 4:00:00 AM,29.9,-95.9,20,1007
558423,2001157N28265,,,Allison,TS,2001,6/10/2001 4:00:00 AM,29.7,-95.8,20,1007
558424,2001157N28265,,,Allison,TS,2001,6/10/2001 4:00:00 AM,29.6,-95.8,20,1007
558425,2001157N28265,,,Allison,TS,2001,6/10/2001 4:00:00 AM,29.5,-95.8,20,1007
558426,2001157N28265,,,Allison,TS,2001,6/10/2001 4:00:00 AM,29.3,-95.8,20,1007
558427,2001157N28265,,,Allison,TS,2001,6/10/2001 4:00:00 AM,29.1,-95.7,20,1008
558428,2001157N28265,,,Allison,TS,2001,6/10/2001 4:00:00 AM,28.9,-95.6,20,1008
558429,2001157N28265,,GM,Allison,TS,2001,6/10/2001 4:00:00 AM,28.7,-95.4,20,1008
558430,2001157N28265,,GM,Allison,SS,2001,6/11/2001 4:00:00 AM,28.6,-95.2,20,1008
558431,2001157N28265,,GM,Allison,SS,2001,6/11/2001 4:00:00 AM,28.6,-95.0,23,1008
558432,2001157N28265,,GM,Allison,SS,2001,6/11/2001 4:00:00 AM,28.6,-94.7,25,1007
558433,2001157N28265,,GM,Allison,SS,2001,6/11/2001 4:00:00 AM,28.6,-94.5,25,1007
558434,2001157N28265,,GM,Allison,SS,2001,6/11/2001 4:00:00 AM,28.7,-94.3,25,1006
558435,2001157N28265,,GM,Allison,SS,2001,6/11/2001 4:00:00 AM,28.7,-94.0,28,1006
558436,2001157N28265,,GM,Allison,SS,2001,6/11/2001 4:00:00 AM,28.8,-93.5,30,1006
565368,2002217N29272,,GM,Bertha,TS,2002,8/8/2002 4:00:00 AM,28.8,-93.5,25,1010
565369,2002217N29272,,GM,Bertha,TS,2002,8/9/2002 4:00:00 AM,28.6,-93.8,25,1010
565370,2002217N29272,,GM,Bertha,TS,2002,8/9/2002 4:00:00 AM,28.4,-94.1,25,1010
565371,2002217N29272,,GM,Bertha,TS,2002,8/9/2002 4:00:00 AM,28.2,-94.4,25,1010
565372,2002217N29272,,GM,Bertha,TS,2002,8/9/2002 4:00:00 AM,28.0,-94.8,23,1011
565373,2002217N29272,,GM,Bertha,TS,2002,8/9/2002 4:00:00 AM,27.7,-95.3,20,1011
565374,2002217N29272,,GM,Bertha,TS,2002,8/9/2002 4:00:00 AM,27.3,-95.7,20,1011
565375,2002217N29272,,GM,Bertha,TS,2002,8/9/2002 4:00:00 AM,26.9,-96.1,20,1011
565376,2002217N29272,,GM,Bertha,TS,2002,8/9/2002 4:00:00 AM,26.9,-96.4,20,1011
565377,2002217N29272,,GM,Bertha,TS,2002,8/10/2002 4:00:00 AM,27.0,-96.6,20,1011
565378,2002217N29272,,GM,Bertha,TS,2002,8/10/2002 4:00:00 AM,27.1,-96.8,20,1011
565379,2002217N29272,,GM,Bertha,TS,2002,8/10/2002 4:00:00 AM,27.2,-97.1,20,1011
565380,2002217N29272,,GM,Bertha,TS,2002,8/10/2002 4:00:00 AM,27.3,-97.4,20,1011
565381,2002217N29272,,GM,Bertha,TS,2002,8/10/2002 4:00:00 AM,27.4,-97.5,20,1011
566391,2002249N28266,,GM,Fay,TS,2002,9/6/2002 4:00:00 AM,28.0,-93.8,30,1009
566392,2002249N28266,,GM,Fay,TS,2002,9/6/2002 4:00:00 AM,27.9,-93.8,33,1008
566393,2002249N28266,,GM,Fay,TS,2002,9/7/2002 4:00:00 AM,27.8,-93.9,35,1006
566394,2002249N28266,,GM,Fay,TS,2002,9/7/2002 4:00:00 AM,27.7,-94.0,40,1006
566395,2002249N28266,,GM,Fay,TS,2002,9/7/2002 4:00:00 AM,27.6,-94.1,45,1005
566396,2002249N28266,,GM,Fay,TS,2002,9/7/2002 4:00:00 AM,27.6,-94.3,48,1003
566397,2002249N28266,,GM,Fay,TS,2002,9/7/2002 4:00:00 AM,27.7,-94.5,50,1001
566398,2002249N28266,,GM,Fay,TS,2002,9/7/2002 4:00:00 AM,27.7,-94.6,50,1000
566399,2002249N28266,,GM,Fay,TS,2002,9/7/2002 4:00:00 AM,27.8,-94.7,50,999
566400,2002249N28266,,GM,Fay,TS,2002,9/7/2002 4:00:00 AM,27.8,-94.8,50,999
566401,2002249N28266,,GM,Fay,TS,2002,9/8/2002 4:00:00 AM,27.9,-95.0,50,998
566402,2002249N28266,,GM,Fay,TS,2002,9/8/2002 4:00:00 AM,27.9,-95.2,50,999
566403,2002249N28266,,GM,Fay,TS,2002,9/8/2002 4:00:00 AM,28.1,-95.6,50,999
566404,2002249N28266,,GM,Fay,TS,2002,9/8/2002 4:00:00 AM,28.5,-96.3,50,999
566405,2002249N28266,,,Fay,TS,2002,9/8/2002 4:00:00 AM,29.1,-96.9,30,1002
566406,2002249N28266,,,Fay,TS,2002,9/8/2002 4:00:00 AM,29.1,-97.7,28,1002
566407,2002249N28266,,,Fay,TS,2002,9/8/2002 4:00:00 AM,28.9,-98.5,25,1002
566408,2002249N28266,,,Fay,TS,2002,9/8/2002 4:00:00 AM,28.9,-98.8,23,1003
566409,2002249N28266,,,Fay,TS,2002,9/9/2002 4:00:00 AM,28.9,-98.9,20,1003
566410,2002249N28266,,,Fay,TS,2002,9/9/2002 4:00:00 AM,28.8,-99.1,18,1005
566411,2002249N28266,,,Fay,DS,2002,9/9/2002 4:00:00 AM,28.7,-99.3,15,1007
566412,2002249N28266,,,Fay,DS,2002,9/9/2002 4:00:00 AM,28.8,-99.5,13,1007
566413,2002249N28266,,,Fay,DS,2002,9/9/2002 4:00:00 AM,29.0,-99.5,10,1007
566414,2002249N28266,,,Fay,DS,2002,9/9/2002 4:00:00 AM,29.0,-99.3,10,1008
566415,2002249N28266,,,Fay,DS,2002,9/9/2002 4:00:00 AM,28.9,-99.1,10,1008
566416,2002249N28266,,,Fay,DS,2002,9/9/2002 4:00:00 AM,28.7,-99.1,10,1008
566417,2002249N28266,,,Fay,DS,2002,9/10/2002 4:00:00 AM,28.5,-99.2,10,1008
566418,2002249N28266,,,Fay,DS,2002,9/10/2002 4:00:00 AM,28.4,-99.2,10,1008
566419,2002249N28266,,,Fay,DS,2002,9/10/2002 4:00:00 AM,28.3,-99.2,10,1008
566420,2002249N28266,,,Fay,DS,2002,9/10/2002 4:00:00 AM,28.2,-99.3,10,1009
566421,2002249N28266,,,Fay,DS,2002,9/10/2002 4:00:00 AM,28.1,-99.4,10,1009
566422,2002249N28266,,,Fay,DS,2002,9/10/2002 4:00:00 AM,28.0,-99.5,10,1009
566423,2002249N28266,,,Fay,DS,2002,9/10/2002 4:00:00 AM,27.8,-99.6,10,1009
566424,2002249N28266,,,Fay,DS,2002,9/10/2002 4:00:00 AM,27.6,-99.6,10,1009
566425,2002249N28266,,,Fay,DS,2002,9/11/2002 4:00:00 AM,27.4,-99.5,10,1008
566426,2002249N28266,,,Fay,DS,2002,9/11/2002 4:00:00 AM,27.2,-99.4,10,1008
566427,2002249N28266,,,Fay,DS,2002,9/11/2002 4:00:00 AM,27.0,-99.3,10,1008
566428,2002249N28266,,,Fay,DS,2002,9/11/2002 4:00:00 AM,26.9,-99.5,10,1008
566429,2002249N28266,,,Fay,DS,2002,9/11/2002 4:00:00 AM,26.8,-99.8,10,1008
566430,2002249N28266,,,Fay,DS,2002,9/11/2002 4:00:00 AM,26.7,-100.1,10,1008
566431,2002249N28266,,,Fay,DS,2002,9/11/2002 4:00:00 AM,26.6,-100.4,10,1008
566432,2002249N28266,,,Fay,DS,2002,9/11/2002 4:00:00 AM,26.5,-100.7,10,1008
571411,2003188N11307,,GM,Claudette,TS,2003,7/16/2003 4:00:00 AM,27.7,-93.6,60,988
571412,2003188N11307,,GM,Claudette,TS,2003,7/16/2003 4:00:00 AM,27.8,-94.1,63,988
571413,2003188N11307,,GM,Claudette,TS,2003,7/16/2003 4:00:00 AM,27.9,-94.6,65,987
571414,2003188N11307,,GM,Claudette,TS,2003,7/16/2003 4:00:00 AM,28.1,-95.0,70,985
571415,2003188N11307,,GM,Claudette,TS,2003,7/16/2003 4:00:00 AM,28.3,-95.5,75,982
571416,2003188N11307,,GM,Claudette,TS,2003,7/16/2003 4:00:00 AM,28.3,-96.1,79,979
571417,2003188N11307,,GM,Claudette,TS,2003,7/16/2003 4:00:00 AM,28.3,-96.2,80,979
571418,2003188N11307,,,Claudette,TS,2003,7/16/2003 4:00:00 AM,28.6,-96.9,70,984
571419,2003188N11307,,,Claudette,TS,2003,7/16/2003 4:00:00 AM,28.6,-97.6,60,990
571420,2003188N11307,,,Claudette,TS,2003,7/17/2003 4:00:00 AM,28.5,-98.2,50,995
571421,2003188N11307,,,Claudette,TS,2003,7/17/2003 4:00:00 AM,28.5,-98.8,45,997
571422,2003188N11307,,,Claudette,TS,2003,7/17/2003 4:00:00 AM,28.5,-99.4,40,999
571423,2003188N11307,,,Claudette,TS,2003,7/17/2003 4:00:00 AM,28.6,-100.1,38,1001
571424,2003188N11307,,,Claudette,TS,2003,7/17/2003 4:00:00 AM,28.8,-100.8,35,1003
571425,2003188N11307,,,Claudette,TS,2003,7/17/2003 4:00:00 AM,29.0,-101.7,35,1005
571426,2003188N11307,,,Claudette,TS,2003,7/17/2003 4:00:00 AM,29.3,-102.6,35,1007
571427,2003188N11307,,,Claudette,TS,2003,7/17/2003 4:00:00 AM,29.6,-103.5,33,1011
571428,2003188N11307,,,Claudette,TS,2003,7/18/2003 4:00:00 AM,29.9,-104.3,30,1014
571429,2003188N11307,,,Claudette,TS,2003,7/18/2003 4:00:00 AM,30.2,-105.2,28,1015
571430,2003188N11307,,,Claudette,DS,2003,7/18/2003 4:00:00 AM,30.5,-106.0,25,1016
572191,2003227N26277,,GM,Erika,TS,2003,8/16/2003 4:00:00 AM,26.0,-93.5,53,998
572192,2003227N26277,,GM,Erika,TS,2003,8/17/2003 4:00:00 AM,25.9,-94.4,55,995
572193,2003227N26277,,GM,Erika,TS,2003,8/17/2003 4:00:00 AM,25.8,-95.3,58,992
572521,2003243N24268,,GM,Grace,TS,2003,9/1/2003 4:00:00 AM,25.8,-94.3,35,1009
572522,2003243N24268,,GM,Grace,TS,2003,9/1/2003 4:00:00 AM,26.4,-94.7,35,1009
572523,2003243N24268,,GM,Grace,TS,2003,9/1/2003 4:00:00 AM,27.2,-94.9,35,1008
572524,2003243N24268,,GM,Grace,TS,2003,9/1/2003 4:00:00 AM,28.2,-95.0,35,1007
572525,2003243N24268,,GM,Grace,TS,2003,9/1/2003 4:00:00 AM,29.0,-95.1,35,1007
572526,2003243N24268,,,Grace,TS,2003,9/1/2003 4:00:00 AM,29.4,-95.2,35,1007
572527,2003243N24268,,,Grace,TS,2003,9/1/2003 4:00:00 AM,30.0,-95.4,33,1008
572528,2003243N24268,,,Grace,TS,2003,9/1/2003 4:00:00 AM,30.1,-95.6,30,1009
572529,2003243N24268,,,Grace,TS,2003,9/1/2003 4:00:00 AM,30.5,-96.0,28,1009
572530,2003243N24268,,,Grace,TS,2003,9/2/2003 4:00:00 AM,30.9,-96.4,25,1009
572531,2003243N24268,,,Grace,TS,2003,9/2/2003 4:00:00 AM,31.4,-96.6,23,1010
572532,2003243N24268,,,Grace,TS,2003,9/2/2003 4:00:00 AM,31.9,-96.6,20,1010
572533,2003243N24268,,,Grace,TS,2003,9/2/2003 4:00:00 AM,32.2,-96.6,20,1010
572534,2003243N24268,,,Grace,TS,2003,9/2/2003 4:00:00 AM,32.6,-96.5,20,1010
572535,2003243N24268,,,Grace,TS,2003,9/2/2003 4:00:00 AM,33.1,-96.1,20,1011
572536,2003243N24268,,,Grace,TS,2003,9/2/2003 4:00:00 AM,33.6,-95.7,20,1011
572537,2003243N24268,,,Grace,TS,2003,9/2/2003 4:00:00 AM,33.9,-95.3,18,1011
572538,2003243N24268,,,Grace,TS,2003,9/3/2003 4:00:00 AM,34.1,-95.0,15,1011
572539,2003243N24268,,,Grace,TS,2003,9/3/2003 4:00:00 AM,34.3,-94.7,15,1012
579732,2004247N10332,,GM,Ivan,TS,2004,9/25/2004 4:00:00 AM,29.8,-93.6,30,1004
579733,2004247N10332,,GM,Ivan,TS,2004,9/25/2004 4:00:00 AM,29.9,-93.8,29,1005
586899,2005261N21290,,GM,Rita,TS,2005,9/25/2005 4:00:00 AM,29.4,-93.6,100,935
586900,2005261N21290,,GM,Rita,TS,2005,9/25/2005 4:00:00 AM,29.7,-93.7,100,937
586901,2005261N21290,,GM,Rita,TS,2005,9/25/2005 4:00:00 AM,29.9,-93.8,89,941
586902,2005261N21290,,,Rita,TS,2005,9/25/2005 4:00:00 AM,30.5,-94.1,65,949
586903,2005261N21290,,,Rita,TS,2005,9/25/2005 4:00:00 AM,31.1,-94.2,55,962
586904,2005261N21290,,,Rita,TS,2005,9/25/2005 4:00:00 AM,31.6,-94.1,45,974
586905,2005261N21290,,,Rita,TS,2005,9/25/2005 4:00:00 AM,32.2,-94.1,40,978
586906,2005261N21290,,,Rita,TS,2005,9/26/2005 4:00:00 AM,32.7,-94.0,35,982
586907,2005261N21290,,,Rita,TS,2005,9/26/2005 4:00:00 AM,33.2,-93.9,33,986
586908,2005261N21290,,,Rita,TS,2005,9/26/2005 4:00:00 AM,33.7,-93.6,30,989
597544,2007227N24269,,GM,Erin,TS,2007,8/16/2007 4:00:00 AM,25.8,-94.0,35,1004
597545,2007227N24269,,GM,Erin,TS,2007,8/16/2007 4:00:00 AM,26.0,-94.6,35,1004
597546,2007227N24269,,GM,Erin,TS,2007,8/17/2007 4:00:00 AM,26.3,-95.2,35,1003
597547,2007227N24269,,GM,Erin,TS,2007,8/17/2007 4:00:00 AM,26.7,-95.7,35,1004
597548,2007227N24269,,GM,Erin,TS,2007,8/17/2007 4:00:00 AM,27.2,-96.2,35,1005
597549,2007227N24269,,GM,Erin,TS,2007,8/17/2007 4:00:00 AM,27.8,-96.7,32,1006
597550,2007227N24269,,GM,Erin,TS,2007,8/17/2007 4:00:00 AM,28.0,-96.9,30,1006
597551,2007227N24269,,GM,Erin,TS,2007,8/17/2007 4:00:00 AM,28.1,-97.1,30,1006
597552,2007227N24269,,,Erin,TS,2007,8/17/2007 4:00:00 AM,28.4,-97.5,28,1006
597553,2007227N24269,,,Erin,TS,2007,8/17/2007 4:00:00 AM,28.8,-97.8,25,1006
597554,2007227N24269,,,Erin,TS,2007,8/17/2007 4:00:00 AM,29.1,-98.2,25,1006
597555,2007227N24269,,,Erin,TS,2007,8/18/2007 4:00:00 AM,29.4,-98.6,25,1006
597556,2007227N24269,,,Erin,TS,2007,8/18/2007 4:00:00 AM,29.7,-99.0,25,1007
597557,2007227N24269,,,Erin,TS,2007,8/18/2007 4:00:00 AM,30.0,-99.5,25,1007
597558,2007227N24269,,,Erin,TS,2007,8/18/2007 4:00:00 AM,30.3,-100.1,23,1008
597559,2007227N24269,,,Erin,DS,2007,8/18/2007 4:00:00 AM,30.5,-100.6,20,1008
597560,2007227N24269,,,Erin,DS,2007,8/18/2007 4:00:00 AM,30.8,-101.1,20,1008
597561,2007227N24269,,,Erin,DS,2007,8/18/2007 4:00:00 AM,31.1,-101.4,20,1008
597562,2007227N24269,,,Erin,DS,2007,8/18/2007 4:00:00 AM,31.4,-101.7,20,1008
597563,2007227N24269,,,Erin,DS,2007,8/19/2007 4:00:00 AM,31.8,-101.8,20,1008
597564,2007227N24269,,,Erin,DS,2007,8/19/2007 4:00:00 AM,32.1,-101.9,20,1008
597565,2007227N24269,,,Erin,DS,2007,8/19/2007 4:00:00 AM,32.5,-101.8,20,1008
597566,2007227N24269,,,Erin,DS,2007,8/19/2007 4:00:00 AM,32.8,-101.7,20,1008
597567,2007227N24269,,,Erin,DS,2007,8/19/2007 4:00:00 AM,33.2,-101.5,20,1008
597568,2007227N24269,,,Erin,DS,2007,8/19/2007 4:00:00 AM,33.6,-101.3,20,1008
597569,2007227N24269,,,Erin,DS,2007,8/19/2007 4:00:00 AM,34.0,-101.0,20,1007
597570,2007227N24269,,,Erin,DS,2007,8/19/2007 4:00:00 AM,34.4,-100.6,23,1006
597571,2007227N24269,,,Erin,DS,2007,8/20/2007 4:00:00 AM,34.8,-100.1,25,1004
597572,2007227N24269,,,Erin,DS,2007,8/20/2007 4:00:00 AM,35.3,-99.5,38,1000
597573,2007227N24269,,,Erin,DS,2007,8/20/2007 4:00:00 AM,35.6,-98.8,50,995
597574,2007227N24269,,,Erin,DS,2007,8/20/2007 4:00:00 AM,35.6,-98.2,43,999
597575,2007227N24269,,,Erin,DS,2007,8/20/2007 4:00:00 AM,35.6,-97.7,35,1002
597576,2007227N24269,,,Erin,DS,2007,8/20/2007 4:00:00 AM,35.7,-97.1,28,1005
597999,2007255N27265,,GM,Humberto,DS,2007,9/13/2007 4:00:00 AM,27.3,-95.0,25,1009
598000,2007255N27265,,GM,Humberto,DS,2007,9/13/2007 4:00:00 AM,27.6,-95.1,30,1008
598001,2007255N27265,,GM,Humberto,TS,2007,9/13/2007 4:00:00 AM,27.8,-95.1,35,1006
598002,2007255N27265,,GM,Humberto,TS,2007,9/13/2007 4:00:00 AM,28.0,-95.1,40,1004
598003,2007255N27265,,GM,Humberto,TS,2007,9/13/2007 4:00:00 AM,28.3,-95.0,45,1001
598004,2007255N27265,,GM,Humberto,TS,2007,9/13/2007 4:00:00 AM,28.5,-94.9,50,999
598005,2007255N27265,,GM,Humberto,TS,2007,9/14/2007 4:00:00 AM,28.8,-94.8,55,997
598006,2007255N27265,,GM,Humberto,TS,2007,9/14/2007 4:00:00 AM,29.2,-94.6,68,991
598007,2007255N27265,,GM,Humberto,TS,2007,9/14/2007 4:00:00 AM,29.5,-94.4,80,985
598008,2007255N27265,,GM,Humberto,TS,2007,9/14/2007 4:00:00 AM,29.6,-94.3,80,985
598009,2007255N27265,,,Humberto,TS,2007,9/14/2007 4:00:00 AM,29.9,-94.0,74,987
598010,2007255N27265,,,Humberto,TS,2007,9/14/2007 4:00:00 AM,30.3,-93.6,65,989
602755,2008203N18276,,GM,Dolly,TS,2008,7/24/2008 4:00:00 AM,25.9,-96.7,85,967
602756,2008203N18276,,GM,Dolly,TS,2008,7/24/2008 4:00:00 AM,26.0,-96.8,85,963
602757,2008203N18276,,GM,Dolly,TS,2008,7/24/2008 4:00:00 AM,26.1,-96.9,83,964
602758,2008203N18276,,GM,Dolly,TS,2008,7/24/2008 4:00:00 AM,26.4,-97.2,75,967
602759,2008203N18276,,GM,Dolly,TS,2008,7/24/2008 4:00:00 AM,26.4,-97.19,75,967
602760,2008203N18276,,GM,Dolly,TS,2008,7/24/2008 4:00:00 AM,26.4,-97.4,70,967
602761,2008203N18276,,,Dolly,TS,2008,7/24/2008 4:00:00 AM,26.4,-97.5,69,969
602762,2008203N18276,,,Dolly,TS,2008,7/25/2008 4:00:00 AM,26.5,-97.8,65,976
602763,2008203N18276,,,Dolly,TS,2008,7/25/2008 4:00:00 AM,26.6,-98.1,60,981
602764,2008203N18276,,,Dolly,TS,2008,7/25/2008 4:00:00 AM,26.7,-98.3,55,986
602765,2008203N18276,,,Dolly,TS,2008,7/25/2008 4:00:00 AM,26.9,-98.6,50,989
602766,2008203N18276,,,Dolly,TS,2008,7/25/2008 4:00:00 AM,27.2,-98.9,45,992
602767,2008203N18276,,,Dolly,TS,2008,7/25/2008 4:00:00 AM,27.6,-99.4,40,994
602768,2008203N18276,,,Dolly,TS,2008,7/25/2008 4:00:00 AM,27.9,-100.0,35,995
602769,2008203N18276,,,Dolly,TS,2008,7/25/2008 4:00:00 AM,28.1,-100.7,30,998
602770,2008203N18276,,,Dolly,TS,2008,7/26/2008 4:00:00 AM,28.3,-101.4,25,1000
602771,2008203N18276,,,Dolly,TS,2008,7/26/2008 4:00:00 AM,28.4,-102.1,25,1002
602772,2008203N18276,,,Dolly,TS,2008,7/26/2008 4:00:00 AM,28.5,-102.7,25,1004
602773,2008203N18276,,,Dolly,TS,2008,7/26/2008 4:00:00 AM,28.6,-103.4,25,1006
602774,2008203N18276,,,Dolly,TS,2008,7/26/2008 4:00:00 AM,28.8,-104.0,25,1008
602775,2008203N18276,,,Dolly,TS,2008,7/26/2008 4:00:00 AM,29.1,-104.5,25,1009
602776,2008203N18276,,,Dolly,TS,2008,7/26/2008 4:00:00 AM,29.4,-105.0,25,1009
602777,2008203N18276,,,Dolly,TS,2008,7/26/2008 4:00:00 AM,29.7,-105.4,23,1011
602778,2008203N18276,,,Dolly,DS,2008,7/27/2008 4:00:00 AM,30.0,-105.7,20,1012
602779,2008203N18276,,,Dolly,DS,2008,7/27/2008 4:00:00 AM,30.3,-105.9,20,1012
602780,2008203N18276,,,Dolly,DS,2008,7/27/2008 4:00:00 AM,30.5,-106.0,20,1011
602781,2008203N18276,,,Dolly,DS,2008,7/27/2008 4:00:00 AM,30.7,-106.1,20,1011
602782,2008203N18276,,,Dolly,DS,2008,7/27/2008 4:00:00 AM,31.0,-106.3,20,1010
602783,2008203N18276,,,Dolly,DS,2008,7/27/2008 4:00:00 AM,31.4,-106.6,20,1012
602784,2008203N18276,,,Dolly,DS,2008,7/27/2008 4:00:00 AM,31.9,-106.7,20,1014
602785,2008203N18276,,,Dolly,DS,2008,7/27/2008 4:00:00 AM,32.4,-106.6,20,1015
602983,2008217N28273,,GM,Edouard,TS,2008,8/6/2008 4:00:00 AM,29.3,-93.6,55,997
602984,2008217N28273,,GM,Edouard,TS,2008,8/6/2008 4:00:00 AM,29.6,-94.2,55,996
602985,2008217N28273,,,Edouard,TS,2008,8/6/2008 4:00:00 AM,29.8,-94.5,48,998
602986,2008217N28273,,,Edouard,TS,2008,8/6/2008 4:00:00 AM,30.0,-94.8,40,999
602987,2008217N28273,,,Edouard,TS,2008,8/6/2008 4:00:00 AM,30.3,-95.2,35,1001
602988,2008217N28273,,,Edouard,TS,2008,8/7/2008 4:00:00 AM,30.6,-95.7,30,1003
602989,2008217N28273,,,Edouard,TS,2008,8/7/2008 4:00:00 AM,31.0,-96.3,28,1006
602990,2008217N28273,,,Edouard,DS,2008,8/7/2008 4:00:00 AM,31.4,-97.0,25,1008
602991,2008217N28273,,,Edouard,DS,2008,8/7/2008 4:00:00 AM,31.7,-97.5,23,1010
602992,2008217N28273,,,Edouard,DS,2008,8/7/2008 4:00:00 AM,32.0,-98.0,20,1011
602993,2008217N28273,,,Edouard,DS,2008,8/7/2008 4:00:00 AM,32.3,-98.4,20,1012
603660,2008238N13293,,,Gustav,TS,2008,9/3/2008 4:00:00 AM,32.1,-93.5,30,989
603661,2008238N13293,,,Gustav,TS,2008,9/3/2008 4:00:00 AM,32.4,-93.7,25,991
603662,2008238N13293,,,Gustav,TS,2008,9/3/2008 4:00:00 AM,32.7,-93.9,20,993
603663,2008238N13293,,,Gustav,TS,2008,9/3/2008 4:00:00 AM,33.0,-93.9,20,994
603664,2008238N13293,,,Gustav,TS,2008,9/4/2008 4:00:00 AM,33.2,-93.9,20,995
603665,2008238N13293,,,Gustav,TS,2008,9/4/2008 4:00:00 AM,33.5,-94.1,20,996
603666,2008238N13293,,,Gustav,TS,2008,9/4/2008 4:00:00 AM,33.7,-94.3,20,997
603667,2008238N13293,,,Gustav,TS,2008,9/4/2008 4:00:00 AM,33.8,-94.4,20,997
603668,2008238N13293,,,Gustav,TS,2008,9/4/2008 4:00:00 AM,33.8,-94.39,20,997
603669,2008238N13293,,,Gustav,TS,2008,9/4/2008 4:00:00 AM,33.9,-94.4,20,998
603670,2008238N13293,,,Gustav,TS,2008,9/4/2008 4:00:00 AM,34.0,-94.4,20,998
603671,2008238N13293,,,Gustav,TS,2008,9/4/2008 4:00:00 AM,34.1,-94.3,18,998
603672,2008238N13293,,,Gustav,TS,2008,9/5/2008 4:00:00 AM,34.3,-94.1,15,998
603673,2008238N13293,,,Gustav,TS,2008,9/5/2008 4:00:00 AM,34.5,-93.8,15,999
603874,2008245N17323,,GM,Ike,TS,2008,9/13/2008 4:00:00 AM,27.9,-93.6,95,953
603875,2008245N17323,,GM,Ike,TS,2008,9/14/2008 4:00:00 AM,28.3,-94.0,95,952
603876,2008245N17323,,GM,Ike,TS,2008,9/14/2008 4:00:00 AM,28.6,-94.3,95,952
603877,2008245N17323,,GM,Ike,TS,2008,9/14/2008 4:00:00 AM,29.1,-94.6,95,951
603878,2008245N17323,,GM,Ike,TS,2008,9/14/2008 4:00:00 AM,29.3,-94.7,95,950
603879,2008245N17323,,GM,Ike,TS,2008,9/14/2008 4:00:00 AM,29.7,-94.9,91,954
603880,2008245N17323,,,Ike,TS,2008,9/14/2008 4:00:00 AM,30.3,-95.2,85,959
603881,2008245N17323,,,Ike,TS,2008,9/14/2008 4:00:00 AM,31.0,-95.3,68,967
603882,2008245N17323,,,Ike,TS,2008,9/14/2008 4:00:00 AM,31.7,-95.3,50,974
603883,2008245N17323,,,Ike,TS,2008,9/14/2008 4:00:00 AM,32.6,-95.2,43,977
603884,2008245N17323,,,Ike,TS,2008,9/15/2008 4:00:00 AM,33.5,-94.9,35,980
603885,2008245N17323,,,Ike,TS,2008,9/15/2008 4:00:00 AM,34.5,-94.5,35,983
603886,2008245N17323,,,Ike,TS,2008,9/15/2008 4:00:00 AM,35.5,-93.7,35,985
613793,2010188N21269,,GM,Unnamed,TS,2010,7/9/2010 4:00:00 AM,26.1,-96.6,30,1006
613794,2010188N21269,,GM,Unnamed,TS,2010,7/9/2010 4:00:00 AM,26.1,-97.1,30,1006
613795,2010188N21269,,GM,Unnamed,TS,2010,7/9/2010 4:00:00 AM,26.1,-97.3,29,1006
613796,2010188N21269,,,Unnamed,TS,2010,7/9/2010 4:00:00 AM,26.1,-97.8,25,1007
613797,2010188N21269,,,Unnamed,TS,2010,7/9/2010 4:00:00 AM,26.0,-98.3,25,1007
613798,2010188N21269,,,Unnamed,TS,2010,7/10/2010 4:00:00 AM,25.9,-98.8,25,1007
613799,2010188N21269,,,Unnamed,TS,2010,7/10/2010 4:00:00 AM,26.0,-99.3,23,1008
613800,2010188N21269,,,Unnamed,DS,2010,7/10/2010 4:00:00 AM,26.1,-99.7,20,1008
613801,2010188N21269,,,Unnamed,DS,2010,7/10/2010 4:00:00 AM,26.3,-100.2,20,1009
613802,2010188N21269,,,Unnamed,DS,2010,7/10/2010 4:00:00 AM,26.5,-100.6,20,1009
613803,2010188N21269,,,Unnamed,DS,2010,7/10/2010 4:00:00 AM,26.9,-101.0,20,1010
613804,2010188N21269,,,Unnamed,DS,2010,7/10/2010 4:00:00 AM,27.3,-101.3,20,1010
613805,2010188N21269,,,Unnamed,DS,2010,7/10/2010 4:00:00 AM,27.7,-101.7,20,1010
614936,2010247N15266,,,Hermine,TS,2010,9/8/2010 4:00:00 AM,26.2,-97.7,55,990
614937,2010247N15266,,,Hermine,TS,2010,9/8/2010 4:00:00 AM,26.9,-97.9,50,991
614938,2010247N15266,,,Hermine,TS,2010,9/8/2010 4:00:00 AM,27.7,-98.1,45,991
614939,2010247N15266,,,Hermine,TS,2010,9/8/2010 4:00:00 AM,28.6,-98.3,43,994
614940,2010247N15266,,,Hermine,TS,2010,9/8/2010 4:00:00 AM,29.4,-98.6,40,996
614941,2010247N15266,,,Hermine,TS,2010,9/8/2010 4:00:00 AM,30.1,-98.9,35,1000
614942,2010247N15266,,,Hermine,TS,2010,9/9/2010 4:00:00 AM,30.6,-99.1,30,1003
614943,2010247N15266,,,Hermine,TS,2010,9/9/2010 4:00:00 AM,31.1,-99.3,28,1004
614944,2010247N15266,,,Hermine,TS,2010,9/9/2010 4:00:00 AM,31.6,-99.5,25,1004
614945,2010247N15266,,,Hermine,TS,2010,9/9/2010 4:00:00 AM,32.1,-99.6,23,1005
614946,2010247N15266,,,Hermine,TS,2010,9/9/2010 4:00:00 AM,32.7,-99.5,20,1005
614947,2010247N15266,,,Hermine,TS,2010,9/9/2010 4:00:00 AM,33.2,-99.2,20,1005
614948,2010247N15266,,,Hermine,TS,2010,9/9/2010 4:00:00 AM,33.7,-98.7,20,1005
614949,2010247N15266,,,Hermine,TS,2010,9/9/2010 4:00:00 AM,34.2,-98.3,20,1005
614950,2010247N15266,,,Hermine,TS,2010,9/10/2010 4:00:00 AM,34.7,-97.9,20,1005
614951,2010247N15266,,,Hermine,TS,2010,9/10/2010 4:00:00 AM,35.1,-97.5,20,1005
614952,2010247N15266,,,Hermine,TS,2010,9/10/2010 4:00:00 AM,35.5,-97.2,20,1005
614953,2010247N15266,,,Hermine,TS,2010,9/10/2010 4:00:00 AM,35.9,-96.8,20,1005
614954,2010247N15266,,,Hermine,TS,2010,9/10/2010 4:00:00 AM,36.3,-96.4,20,1005
619368,2011208N22274,,GM,Don,TS,2011,7/30/2011 4:00:00 AM,25.8,-94.3,45,1002
619369,2011208N22274,,GM,Don,TS,2011,7/30/2011 4:00:00 AM,26.1,-94.9,45,1003
619370,2011208N22274,,GM,Don,TS,2011,7/30/2011 4:00:00 AM,26.4,-95.5,45,1004
619371,2011208N22274,,GM,Don,TS,2011,7/30/2011 4:00:00 AM,26.7,-96.2,40,1005
619372,2011208N22274,,GM,Don,TS,2011,7/31/2011 4:00:00 AM,27.0,-96.9,35,1006
619373,2011208N22274,,GM,Don,TS,2011,7/31/2011 4:00:00 AM,27.3,-97.4,30,1007
619374,2011208N22274,,GM,Don,TS,2011,7/31/2011 4:00:00 AM,27.4,-97.5,29,1007
625950,2012234N16315,,,Isaac,TS,2012,9/1/2012 4:00:00 AM,34.3,-93.5,25,1000
625951,2012234N16315,,,Isaac,TS,2012,9/1/2012 4:00:00 AM,35.0,-93.8,23,1001
625952,2012234N16315,,,Isaac,TS,2012,9/1/2012 4:00:00 AM,35.6,-94.0,20,1001
625953,2012234N16315,,,Isaac,TS,2012,9/1/2012 4:00:00 AM,36.2,-94.1,20,1002
642927,2015167N27266,,GM,Bill,TS,2015,6/17/2015 4:00:00 AM,27.0,-94.3,45,1005
642928,2015167N27266,,GM,Bill,TS,2015,6/17/2015 4:00:00 AM,27.3,-94.8,45,1003
642929,2015167N27266,,GM,Bill,TS,2015,6/17/2015 4:00:00 AM,27.6,-95.2,45,1001
642930,2015167N27266,,GM,Bill,TS,2015,6/17/2015 4:00:00 AM,27.8,-95.6,48,999
642931,2015167N27266,,GM,Bill,TS,2015,6/17/2015 4:00:00 AM,28.0,-96.0,50,997
642932,2015167N27266,,GM,Bill,TS,2015,6/17/2015 4:00:00 AM,28.2,-96.5,50,997
642933,2015167N27266,,GM,Bill,TS,2015,6/17/2015 4:00:00 AM,28.2,-96.7,50,997
642934,2015167N27266,,GM,Bill,TS,2015,6/17/2015 4:00:00 AM,28.2,-96.69,50,997
642935,2015167N27266,,,Bill,TS,2015,6/17/2015 4:00:00 AM,28.5,-96.8,45,998
642936,2015167N27266,,,Bill,TS,2015,6/18/2015 4:00:00 AM,29.1,-96.9,40,998
642937,2015167N27266,,,Bill,TS,2015,6/18/2015 4:00:00 AM,29.7,-97.0,35,999
642938,2015167N27266,,,Bill,TS,2015,6/18/2015 4:00:00 AM,30.3,-97.1,30,999
642939,2015167N27266,,,Bill,TS,2015,6/18/2015 4:00:00 AM,31.0,-97.3,30,999
642940,2015167N27266,,,Bill,TS,2015,6/18/2015 4:00:00 AM,31.7,-97.4,30,999
642941,2015167N27266,,,Bill,TS,2015,6/18/2015 4:00:00 AM,32.2,-97.5,28,999
642942,2015167N27266,,,Bill,TS,2015,6/18/2015 4:00:00 AM,32.6,-97.5,25,999
642943,2015167N27266,,,Bill,TS,2015,6/18/2015 4:00:00 AM,33.1,-97.4,25,1000
642944,2015167N27266,,,Bill,TS,2015,6/19/2015 4:00:00 AM,33.5,-97.3,25,1000
642945,2015167N27266,,,Bill,TS,2015,6/19/2015 4:00:00 AM,33.9,-97.1,25,1001
642946,2015167N27266,,,Bill,TS,2015,6/19/2015 4:00:00 AM,34.2,-96.9,25,1002
642947,2015167N27266,,,Bill,TS,2015,6/19/2015 4:00:00 AM,34.5,-96.6,23,1003
642948,2015167N27266,,,Bill,TS,2015,6/19/2015 4:00:00 AM,34.8,-96.3,20,1003
642949,2015167N27266,,,Bill,TS,2015,6/19/2015 4:00:00 AM,35.0,-95.9,18,1004
642950,2015167N27266,,,Bill,DS,2015,6/19/2015 4:00:00 AM,35.2,-95.5,15,1004
642951,2015167N27266,,,Bill,DS,2015,6/19/2015 4:00:00 AM,35.4,-95.0,15,1005
642952,2015167N27266,,,Bill,DS,2015,6/20/2015 4:00:00 AM,35.6,-94.5,15,1005
642953,2015167N27266,,,Bill,DS,2015,6/20/2015 4:00:00 AM,35.7,-94.0,15,1006
642954,2015167N27266,,,Bill,DS,2015,6/20/2015 4:00:00 AM,35.9,-93.5,15,1006
655335,2017171N24271,,GM,Cindy,TS,2017,6/23/2017 4:00:00 AM,28.7,-93.5,45,992
655336,2017171N24271,,GM,Cindy,TS,2017,6/23/2017 4:00:00 AM,29.4,-93.6,45,991
655337,2017171N24271,,GM,Cindy,TS,2017,6/23/2017 4:00:00 AM,29.8,-93.7,45,991
655338,2017171N24271,,,Cindy,TS,2017,6/23/2017 4:00:00 AM,30.3,-93.8,43,992
655339,2017171N24271,,,Cindy,TS,2017,6/23/2017 4:00:00 AM,30.5,-93.8,40,993
655340,2017171N24271,,,Cindy,TS,2017,6/23/2017 4:00:00 AM,31.0,-93.8,38,995
655341,2017171N24271,,,Cindy,TS,2017,6/23/2017 4:00:00 AM,31.6,-93.8,35,996
655342,2017171N24271,,,Cindy,TS,2017,6/23/2017 4:00:00 AM,32.2,-93.8,33,998
655343,2017171N24271,,,Cindy,TS,2017,6/24/2017 4:00:00 AM,32.8,-93.6,30,999
656801,2017228N14314,,GM,Harvey,TS,2017,8/26/2017 4:00:00 AM,25.9,-95.5,93,958
656802,2017228N14314,,GM,Harvey,TS,2017,8/26/2017 4:00:00 AM,26.3,-95.8,95,949
656803,2017228N14314,,GM,Harvey,TS,2017,8/26/2017 4:00:00 AM,26.7,-96.1,100,946
656804,2017228N14314,,GM,Harvey,TS,2017,8/26/2017 4:00:00 AM,27.1,-96.3,105,943
656805,2017228N14314,,GM,Harvey,TS,2017,8/26/2017 4:00:00 AM,27.5,-96.6,110,942
656806,2017228N14314,,GM,Harvey,TS,2017,8/27/2017 4:00:00 AM,27.8,-96.8,115,941
656807,2017228N14314,,GM,Harvey,TS,2017,8/27/2017 4:00:00 AM,28.0,-96.9,115,937
656808,2017228N14314,,GM,Harvey,TS,2017,8/27/2017 4:00:00 AM,28.2,-97.1,105,948
656809,2017228N14314,,,Harvey,TS,2017,8/27/2017 4:00:00 AM,28.5,-97.2,85,963
656810,2017228N14314,,,Harvey,TS,2017,8/27/2017 4:00:00 AM,28.7,-97.3,65,978
656811,2017228N14314,,,Harvey,TS,2017,8/27/2017 4:00:00 AM,28.9,-97.4,58,985
656812,2017228N14314,,,Harvey,TS,2017,8/27/2017 4:00:00 AM,29.0,-97.5,50,991
656813,2017228N14314,,,Harvey,TS,2017,8/27/2017 4:00:00 AM,29.1,-97.5,48,993
656814,2017228N14314,,,Harvey,TS,2017,8/28/2017 4:00:00 AM,29.2,-97.4,45,995
656815,2017228N14314,,,Harvey,TS,2017,8/28/2017 4:00:00 AM,29.3,-97.5,43,997
656816,2017228N14314,,,Harvey,TS,2017,8/28/2017 4:00:00 AM,29.3,-97.6,40,998
656817,2017228N14314,,,Harvey,TS,2017,8/28/2017 4:00:00 AM,29.2,-97.6,38,998
656818,2017228N14314,,,Harvey,TS,2017,8/28/2017 4:00:00 AM,29.1,-97.5,35,998
656819,2017228N14314,,,Harvey,TS,2017,8/28/2017 4:00:00 AM,29.0,-97.4,35,998
656820,2017228N14314,,,Harvey,TS,2017,8/28/2017 4:00:00 AM,29.0,-97.2,35,998
656821,2017228N14314,,,Harvey,TS,2017,8/28/2017 4:00:00 AM,28.9,-97.0,35,998
656822,2017228N14314,,,Harvey,TS,2017,8/29/2017 4:00:00 AM,28.8,-96.8,35,997
656823,2017228N14314,,GM,Harvey,TS,2017,8/29/2017 4:00:00 AM,28.7,-96.6,38,997
656824,2017228N14314,,GM,Harvey,TS,2017,8/29/2017 4:00:00 AM,28.6,-96.5,40,997
656825,2017228N14314,,GM,Harvey,TS,2017,8/29/2017 4:00:00 AM,28.5,-96.4,40,997
656826,2017228N14314,,GM,Harvey,TS,2017,8/29/2017 4:00:00 AM,28.5,-96.2,40,997
656827,2017228N14314,,GM,Harvey,TS,2017,8/29/2017 4:00:00 AM,28.5,-96.1,40,997
656828,2017228N14314,,GM,Harvey,TS,2017,8/29/2017 4:00:00 AM,28.4,-95.9,40,997
656829,2017228N14314,,GM,Harvey,TS,2017,8/29/2017 4:00:00 AM,28.3,-95.7,40,997
656830,2017228N14314,,GM,Harvey,TS,2017,8/30/2017 4:00:00 AM,28.2,-95.4,40,996
656831,2017228N14314,,GM,Harvey,TS,2017,8/30/2017 4:00:00 AM,28.1,-95.2,40,996
656832,2017228N14314,,GM,Harvey,TS,2017,8/30/2017 4:00:00 AM,28.1,-95.0,40,996
656833,2017228N14314,,GM,Harvey,TS,2017,8/30/2017 4:00:00 AM,28.1,-94.8,40,996
656834,2017228N14314,,GM,Harvey,TS,2017,8/30/2017 4:00:00 AM,28.2,-94.6,40,995
656835,2017228N14314,,GM,Harvey,TS,2017,8/30/2017 4:00:00 AM,28.3,-94.4,43,994
656836,2017228N14314,,GM,Harvey,TS,2017,8/30/2017 4:00:00 AM,28.5,-94.2,45,993
656837,2017228N14314,,GM,Harvey,TS,2017,8/30/2017 4:00:00 AM,28.7,-94.0,45,994
656838,2017228N14314,,GM,Harvey,TS,2017,8/31/2017 4:00:00 AM,28.9,-93.8,45,994
656839,2017228N14314,,GM,Harvey,TS,2017,8/31/2017 4:00:00 AM,29.1,-93.7,43,992
656840,2017228N14314,,GM,Harvey,TS,2017,8/31/2017 4:00:00 AM,29.4,-93.6,40,990
656841,2017228N14314,,GM,Harvey,TS,2017,8/31/2017 4:00:00 AM,29.8,-93.5,40,991
656842,2017228N14314,,,Harvey,TS,2017,8/31/2017 4:00:00 AM,29.9,-93.5,40,991
669351,2019192N29274,,,Barry,TS,2019,7/15/2019 4:00:00 AM,31.6,-93.5,35,1005
669352,2019192N29274,,,Barry,TS,2019,7/15/2019 4:00:00 AM,31.9,-93.6,35,1006
669353,2019192N29274,,,Barry,TS,2019,7/15/2019 4:00:00 AM,32.3,-93.6,35,1007
669354,2019192N29274,,,Barry,TS,2019,7/15/2019 4:00:00 AM,32.6,-93.6,30,1008
669355,2019192N29274,,,Barry,TS,2019,7/16/2019 4:00:00 AM,33.0,-93.6,25,1008
669356,2019192N29274,,,Barry,TS,2019,7/16/2019 4:00:00 AM,33.4,-93.6,25,1008
669357,2019192N29274,,,Barry,TS,2019,7/16/2019 4:00:00 AM,33.9,-93.6,25,1008
669358,2019192N29274,,,Barry,TS,2019,7/16/2019 4:00:00 AM,34.3,-93.6,23,1008
669359,2019192N29274,,,Barry,DS,2019,7/16/2019 4:00:00 AM,34.7,-93.6,20,1008
669360,2019192N29274,,,Barry,DS,2019,7/16/2019 4:00:00 AM,35.1,-93.6,20,1008
669361,2019192N29274,,,Barry,DS,2019,7/16/2019 4:00:00 AM,35.5,-93.5,20,1008
671456,2019261N28264,,GM,Imelda,TS,2019,9/18/2019 4:00:00 AM,28.3,-95.7,30,1008
671457,2019261N28264,,GM,Imelda,TS,2019,9/18/2019 4:00:00 AM,28.6,-95.5,35,1006
671458,2019261N28264,,GM,Imelda,TS,2019,9/18/2019 4:00:00 AM,28.9,-95.4,40,1003
671459,2019261N28264,,,Imelda,TS,2019,9/18/2019 4:00:00 AM,29.0,-95.4,40,1003
671460,2019261N28264,,,Imelda,TS,2019,9/18/2019 4:00:00 AM,29.5,-95.4,35,1005
671461,2019261N28264,,,Imelda,TS,2019,9/19/2019 4:00:00 AM,29.5,-95.5,30,1007
671462,2019261N28264,,,Imelda,TS,2019,9/19/2019 4:00:00 AM,29.7,-95.6,30,1007
671463,2019261N28264,,,Imelda,TS,2019,9/19/2019 4:00:00 AM,29.9,-95.6,30,1007
671464,2019261N28264,,,Imelda,TS,2019,9/19/2019 4:00:00 AM,30.2,-95.6,30,1007
671465,2019261N28264,,,Imelda,TS,2019,9/19/2019 4:00:00 AM,30.4,-95.5,30,1007
671466,2019261N28264,,,Imelda,TS,2019,9/19/2019 4:00:00 AM,30.5,-95.3,30,1007
671467,2019261N28264,,,Imelda,TS,2019,9/19/2019 4:00:00 AM,30.6,-95.0,30,1007
671468,2019261N28264,,,Imelda,TS,2019,9/19/2019 4:00:00 AM,30.8,-94.9,28,1008
672309,2019299N25265,,GM,Olga,TS,2019,10/26/2019 4:00:00 AM,25.9,-93.6,40,998
675839,2020205N26272,,GM,Hanna,TS,2020,7/25/2020 4:00:00 AM,27.2,-93.7,50,997
675840,2020205N26272,,GM,Hanna,TS,2020,7/25/2020 4:00:00 AM,27.2,-94.1,53,995
675841,2020205N26272,,GM,Hanna,TS,2020,7/26/2020 4:00:00 AM,27.1,-94.5,55,993
675842,2020205N26272,,GM,Hanna,TS,2020,7/26/2020 4:00:00 AM,27.1,-94.9,58,991
675843,2020205N26272,,GM,Hanna,TS,2020,7/26/2020 4:00:00 AM,27.1,-95.3,60,988
675844,2020205N26272,,GM,Hanna,TS,2020,7/26/2020 4:00:00 AM,27.1,-95.6,65,985
675845,2020205N26272,,GM,Hanna,TS,2020,7/26/2020 4:00:00 AM,27.1,-96.0,70,981
675846,2020205N26272,,GM,Hanna,TS,2020,7/26/2020 4:00:00 AM,27.0,-96.4,75,977
675847,2020205N26272,,GM,Hanna,TS,2020,7/26/2020 4:00:00 AM,26.9,-96.8,80,973
675848,2020205N26272,,GM,Hanna,TS,2020,7/26/2020 4:00:00 AM,26.8,-97.2,80,973
675849,2020205N26272,,GM,Hanna,TS,2020,7/26/2020 4:00:00 AM,26.8,-97.3,80,973
675850,2020205N26272,,GM,Hanna,TS,2020,7/26/2020 4:00:00 AM,26.7,-97.5,80,974
675851,2020205N26272,,,Hanna,TS,2020,7/27/2020 4:00:00 AM,26.7,-97.6,75,976
675852,2020205N26272,,,Hanna,TS,2020,7/27/2020 4:00:00 AM,26.6,-98.0,65,982
675853,2020205N26272,,,Hanna,TS,2020,7/27/2020 4:00:00 AM,26.5,-98.5,55,987
675854,2020205N26272,,,Hanna,TS,2020,7/27/2020 4:00:00 AM,26.4,-98.9,48,992
675855,2020205N26272,,,Hanna,TS,2020,7/27/2020 4:00:00 AM,26.2,-99.3,40,996
675856,2020205N26272,,,Hanna,TS,2020,7/27/2020 4:00:00 AM,26.0,-99.8,35,998
677633,2020261N21265,,GM,Beta,TS,2020,9/21/2020 4:00:00 AM,27.5,-93.6,55,996
677634,2020261N21265,,GM,Beta,TS,2020,9/21/2020 4:00:00 AM,27.5,-93.9,53,995
677635,2020261N21265,,GM,Beta,TS,2020,9/22/2020 4:00:00 AM,27.5,-94.1,50,993
677636,2020261N21265,,GM,Beta,TS,2020,9/22/2020 4:00:00 AM,27.5,-94.4,48,994
677637,2020261N21265,,GM,Beta,TS,2020,9/22/2020 4:00:00 AM,27.6,-94.8,45,995
677638,2020261N21265,,GM,Beta,TS,2020,9/22/2020 4:00:00 AM,27.7,-95.2,45,996
677639,2020261N21265,,GM,Beta,TS,2020,9/22/2020 4:00:00 AM,27.8,-95.5,45,997
677640,2020261N21265,,GM,Beta,TS,2020,9/22/2020 4:00:00 AM,27.9,-95.8,43,998
677641,2020261N21265,,GM,Beta,TS,2020,9/22/2020 4:00:00 AM,28.1,-96.0,40,999
677642,2020261N21265,,GM,Beta,TS,2020,9/22/2020 4:00:00 AM,28.2,-96.2,43,999
677643,2020261N21265,,GM,Beta,TS,2020,9/23/2020 4:00:00 AM,28.3,-96.3,45,998
677644,2020261N21265,,GM,Beta,TS,2020,9/23/2020 4:00:00 AM,28.4,-96.4,45,997
677645,2020261N21265,,GM,Beta,TS,2020,9/23/2020 4:00:00 AM,28.4,-96.39,45,997
677646,2020261N21265,,GM,Beta,TS,2020,9/23/2020 4:00:00 AM,28.6,-96.6,40,999
677647,2020261N21265,,,Beta,TS,2020,9/23/2020 4:00:00 AM,28.7,-96.8,38,1001
677648,2020261N21265,,,Beta,TS,2020,9/23/2020 4:00:00 AM,28.8,-96.8,35,1002
677649,2020261N21265,,,Beta,TS,2020,9/23/2020 4:00:00 AM,28.9,-96.7,30,1004
677650,2020261N21265,,,Beta,TS,2020,9/23/2020 4:00:00 AM,28.9,-96.5,25,1006
677651,2020261N21265,,,Beta,TS,2020,9/23/2020 4:00:00 AM,28.9,-96.2,25,1007
677652,2020261N21265,,,Beta,ET,2020,9/24/2020 4:00:00 AM,29.0,-95.8,25,1007
677653,2020261N21265,,,Beta,ET,2020,9/24/2020 4:00:00 AM,29.2,-95.6,25,1007
677654,2020261N21265,,,Beta,ET,2020,9/24/2020 4:00:00 AM,29.4,-95.4,25,1007
677655,2020261N21265,,GM,Beta,ET,2020,9/24/2020 4:00:00 AM,29.7,-95.0,25,1007
677656,2020261N21265,,,Beta,ET,2020,9/24/2020 4:00:00 AM,30.0,-94.6,25,1007
677657,2020261N21265,,,Beta,ET,2020,9/24/2020 4:00:00 AM,30.2,-94.2,25,1007
677658,2020261N21265,,,Beta,ET,2020,9/24/2020 4:00:00 AM,30.3,-93.8,25,1006
678247,2020279N16284,,GM,Delta,TS,2020,10/10/2020 4:00:00 AM,25.8,-93.6,105,953
678248,2020279N16284,,GM,Delta,TS,2020,10/10/2020 4:00:00 AM,26.3,-93.7,105,953
678249,2020279N16284,,GM,Delta,TS,2020,10/10/2020 4:00:00 AM,26.9,-93.8,103,956
678250,2020279N16284,,GM,Delta,TS,2020,10/10/2020 4:00:00 AM,27.5,-93.8,100,958
678251,2020279N16284,,GM,Delta,TS,2020,10/10/2020 4:00:00 AM,28.1,-93.8,95,962
678252,2020279N16284,,GM,Delta,TS,2020,10/10/2020 4:00:00 AM,28.7,-93.6,90,966
684663,2021256N21265,,GM,Nicholas,TS,2021,9/14/2021 4:00:00 AM,25.9,-96.7,50,1000
684664,2021256N21265,,GM,Nicholas,TS,2021,9/14/2021 4:00:00 AM,26.5,-96.7,53,999
684665,2021256N21265,,GM,Nicholas,TS,2021,9/14/2021 4:00:00 AM,27.0,-96.6,55,998
684666,2021256N21265,,GM,Nicholas,TS,2021,9/14/2021 4:00:00 AM,27.5,-96.4,60,993
684667,2021256N21265,,GM,Nicholas,TS,2021,9/15/2021 4:00:00 AM,28.0,-96.2,65,988
684668,2021256N21265,,GM,Nicholas,TS,2021,9/15/2021 4:00:00 AM,28.3,-95.9,65,990
684669,2021256N21265,,GM,Nicholas,TS,2021,9/15/2021 4:00:00 AM,28.7,-95.7,65,991
684670,2021256N21265,,,Nicholas,TS,2021,9/15/2021 4:00:00 AM,28.8,-95.7,65,991
684671,2021256N21265,,,Nicholas,TS,2021,9/15/2021 4:00:00 AM,29.2,-95.6,58,995
684672,2021256N21265,,,Nicholas,TS,2021,9/15/2021 4:00:00 AM,29.3,-95.4,50,999
684673,2021256N21265,,,Nicholas,TS,2021,9/15/2021 4:00:00 AM,29.5,-95.2,43,1001
684674,2021256N21265,,GM,Nicholas,TS,2021,9/15/2021 4:00:00 AM,29.6,-94.9,35,1003
684675,2021256N21265,,,Nicholas,TS,2021,9/15/2021 4:00:00 AM,29.7,-94.7,33,1003
684676,2021256N21265,,,Nicholas,TS,2021,9/16/2021 4:00:00 AM,29.9,-94.4,30,1003
684677,2021256N21265,,,Nicholas,TS,2021,9/16/2021 4:00:00 AM,30.1,-94.1,30,1004
684678,2021256N21265,,,Nicholas,TS,2021,9/16/2021 4:00:00 AM,30.2,-93.8,30,1004
684679,2021256N21265,,,Nicholas,TS,2021,9/16/2021 4:00:00 AM,30.3,-93.5,28,1005
696028,2023234N25271,,GM,Harold,TS,2023,8/23/2023 4:00:00 AM,25.8,-94.3,40,1003
696029,2023234N25271,,GM,Harold,TS,2023,8/23/2023 4:00:00 AM,26.3,-95.3,45,1000
696030,2023234N25271,,GM,Harold,TS,2023,8/23/2023 4:00:00 AM,26.8,-96.4,50,996
696031,2023234N25271,,GM,Harold,TS,2023,8/23/2023 4:00:00 AM,27.1,-97.4,50,995
696032,2023234N25271,,,Harold,TS,2023,8/23/2023 4:00:00 AM,27.3,-98.3,40,997
696033,2023234N25271,,,Harold,TS,2023,8/23/2023 4:00:00 AM,27.5,-99.2,35,1000
696034,2023234N25271,,,Harold,TS,2023,8/24/2023 4:00:00 AM,27.7,-100.1,30,1002
696035,2023234N25271,,,Harold,TS,2023,8/24/2023 4:00:00 AM,28.0,-100.9,28,1005
696036,2023234N25271,,,Harold,TS,2023,8/24/2023 4:00:00 AM,28.5,-101.7,25,1007
696037,2023234N25271,,,Harold,TS,2023,8/24/2023 4:00:00 AM,29.1,-102.5,23,1009
699914,2024178N09335,,GM,Beryl,TS,2024,7/8/2024 4:00:00 AM,25.9,-95.1,55,991
699915,2024178N09335,,GM,Beryl,TS,2024,7/8/2024 4:00:00 AM,26.3,-95.3,55,990
699916,2024178N09335,,GM,Beryl,TS,2024,7/8/2024 4:00:00 AM,26.7,-95.5,58,988
699917,2024178N09335,,GM,Beryl,TS,2024,7/9/2024 4:00:00 AM,27.1,-95.6,60,986
699918,2024178N09335,,GM,Beryl,TS,2024,7/9/2024 4:00:00 AM,27.6,-95.8,65,984
699919,2024178N09335,,GM,Beryl,TS,2024,7/9/2024 4:00:00 AM,28.2,-95.9,70,982
699920,2024178N09335,,GM,Beryl,TS,2024,7/9/2024 4:00:00 AM,28.7,-96.0,68,981
699921,2024178N09335,,,Beryl,TS,2024,7/9/2024 4:00:00 AM,29.2,-95.9,65,979
699922,2024178N09335,,,Beryl,TS,2024,7/9/2024 4:00:00 AM,29.9,-95.8,58,983
699923,2024178N09335,,,Beryl,TS,2024,7/9/2024 4:00:00 AM,30.6,-95.5,50,987
699924,2024178N09335,,,Beryl,TS,2024,7/9/2024 4:00:00 AM,31.4,-95.2,40,992
699925,2024178N09335,,,Beryl,TS,2024,7/10/2024 4:00:00 AM,32.1,-94.8,30,997
699926,2024178N09335,,,Beryl,TS,2024,7/10/2024 4:00:00 AM,32.8,-94.7,28,1001
699927,2024178N09335,,,Beryl,TS,2024,7/10/2024 4:00:00 AM,33.5,-94.3,25,1004
699928,2024178N09335,,,Beryl,TS,2024,7/10/2024 4:00:00 AM,34.2,-93.5,25,1004
701135,2024251N19272,,GM,Francine,TS,2024,9/12/2024 4:00:00 AM,26.0,-94.7,65,982
701136,2024251N19272,,GM,Francine,TS,2024,9/12/2024 4:00:00 AM,26.3,-94.4,73,980
701137,2024251N19272,,GM,Francine,TS,2024,9/12/2024 4:00:00 AM,26.6,-94.1,80,977
701138,2024251N19272,,GM,Francine,TS,2024,9/12/2024 4:00:00 AM,27.0,-93.7,80,977
